ID,Mother Promoter,Promoter,ACT
P1,TTGACAATTAATCATCCGGCTCGTATAATGTBGTGGAATTGBTGAGCGGABTAACAATTTCACACAGGAAABCAGACC,TTGACAATTAATCATCCGGCTCGTATAATGTBGTGGAATTGBTGAGCGGABTAACAATTTCACACAGGAAABCAGACC,594.4108
P76,ATGGAATTCATGCGTATAGGTGAAGAACTGTTCACCGGTGBBTTGTCCCGATCCTGGTTGABACTGGACGGTGACGT,ATGGAATTCATGCGTATAGGTGAAGAACTGTTCACCGGTGBBTTGTCCCGATCCTGGTTGABACTGGACGGTGACGT,232.8573542
P94,GCAGCGGACGATCTGAACCAATGGTTGCAAGATCBTGAAAGAACGBBBCACTAGAGTCACAAATGABATTCATGCGTAT,GCAGCGGACGATCTGAACCAATGGTTGCAAGATCBTGAAAGAACGBBBCACTAGAGTCACAAATGABATTCATGCGTAT,199.0199987
P125,TTGACAATTAATCATCCGGCGTTTTCACACAGGAAACAGACCATGGAATTCATGCGTATAGGTGAAGAACTGTT,TTGACAATTAATCATCCGGCGTTTTCACACAGGAAACAGACCATGGAATTCATGCGTATAGGTGAAGAACTGTT,316.2054866
P162,CATGCGTATAGGTGAAGAACTGTTCACCGGTGBBTTGTTCCGATCCTGGTTGABACTGGACGGTGACGTTAACGGTC,CATGCGTATAGGTGAAGAACTGTTCACCGGTGBBTTGTTCCGATCCTGGTTGABACTGGACGGTGACGTTAACGGTC,235.2953576
P186,ATGGAATTCATGCGTATAGGTGAAGAACTGTTCACCGGTGBBTTGTTCCGATCCTGGTTGABACTGAACGGTGACGT,ATGGAATTCATGCGTATAGGTGAAGAACTGTTCACCGGTGBBTTGTTCCGATCCTGGTTGABACTGAACGGTGACGT,213.5476124
P228,GCAGCGGACGATCTGAACCAACGGTTGCAAGATCBTGAAAGAACGBBBCACTGGAGTCACAAATGABATTCATGCGTAT,GCAGCGGACGATCTGAACCAACGGTTGCAAGATCBTGAAAGAACGBBBCACTGGAGTCACAAATGABATTCATGCGTAT,222.4393772
P233,GCAGCGGACGATCTGAACCAACGGTTGCAAGACCBTGAAAGAACGBBBCACTAGAGTCACAAATGABATTCATGCGTAT,GCAGCGGACGATCTGAACCAACGGTTGCAAGACCBTGAAAGAACGBBBCACTAGAGTCACAAATGABATTCATGCGTAT,237.725199
P235,GCTGCGGACGATCTGAACCAACGGTTGCAAGATCBTGAAAGAACGBBBCACTAGAGTCACAAATGABATTCATGCGTAT,GCTGCGGACGATCTGAACCAACGGTTGCAAGATCBTGAAAGAACGBBBCACTAGAGTCACAAATGABATTCATGCGTAT,216.7975503
P292,GCAAATATTCTGAAATGAGCTGTTGACAATTAATCABBTCCGGCTCGBBBTATAATGTGTGGAATTGTGAGCGGATABCA,GCAAATATTCTGAAATGAGCTGTTGACAATTAATCABBTCCGGCTCGBBBTATAATGTGTGGAATTGTGAGCGGATABCA,726.9040445
P294,CGCACTCCCGTTCTGGATAATGTTTTTTGCGCCGACATCATAACGGTTCTGGCAAABBBTATTCTGAAATGGGCTGT,CGCACTCCCGTTCTGGATAATGTTTTTTGCGCCGACATCATAACGGTTCTGGCAAABBBTATTCTGAAATGGGCTGT,261.6218616
P319,ATGGAATTCATGCGTATAGGTGAAGAACTGTTCACCGGTGBBTTGTTCCGATCCTGGTTGABACTGGATGGTGACGT,ATGGAATTCATGCGTATAGGTGAAGAACTGTTCACCGGTGBBTTGTTCCGATCCTGGTTGABACTGGATGGTGACGT,205.8626246
P341,ATGGAATCCATGCGTATAGGTGAAGAACTGTTCACCGGTGBBTTGTTCCGATCCTGGTTGABACTGGACGGTGACGT,ATGGAATCCATGCGTATAGGTGAAGAACTGTTCACCGGTGBBTTGTTCCGATCCTGGTTGABACTGGACGGTGACGT,195.7970966
P348,ATGGAATTCATGCGTATAGGCGAAGAACTGTTCACCGGTGBBTTGTTCCGATCCTGGTTGABACTGGACGGTGACGT,ATGGAATTCATGCGTATAGGCGAAGAACTGTTCACCGGTGBBTTGTTCCGATCCTGGTTGABACTGGACGGTGACGT,223.5348661
P356,TTGACAATTAATCATCCGGTBACATCATAACGGTTCTGGCTAABBBTATTCTGAAATGAGCTGTTGACAATTAATCAT,TTGACAATTAATCATCCGGTBACATCATAACGGTTCTGGCTAABBBTATTCTGAAATGAGCTGTTGACAATTAATCAT,344.5284035
P383,ATGGAATTCATGCGTATAGGTGAAGAACTGTTCACCGGTGBBTTGTACCGGTCCTGGTTGABACTGGACGGTGACGT,ATGGAATTCATGCGTATAGGTGAAGAACTGTTCACCGGTGBBTTGTACCGGTCCTGGTTGABACTGGACGGTGACGT,196.5351494
P489,ATGGAATTCATGCGTATAGGTGAAGAACTGCTCACCGGTACATCATAACGGTTCTGGCAAATATTCTGAAATGA,ATGGAATTCATGCGTATAGGTGAAGAACTGCTCACCGGTACATCATAACGGTTCTGGCAAATATTCTGAAATGA,318.2506997
P502,ATGGAATTCATGCGTATAGGTGAAGAACTGTTCACCGGTGBBTTGTTCCAATCCTGGTTGABACTGGACGGTGACGT,ATGGAATTCATGCGTATAGGTGAAGAACTGTTCACCGGTGBBTTGTTCCAATCCTGGTTGABACTGGACGGTGACGT,183.3684389
P505,GCAGCGGACGATCTGAACCAACGGTTGCAAGATCBTGAAAGAACGBBBCACTAGAGTCACAAATGABATTCACGCGTAT,GCAGCGGACGATCTGAACCAACGGTTGCAAGATCBTGAAAGAACGBBBCACTAGAGTCACAAATGABATTCACGCGTAT,228.7725491
P516,CGCACBACATCATAACGGTTCTGGCAAABBBTATTCTGAAATGAGCTGTTGACAATTAATCATCCGGCTCGTATAGTG,CGCACBACATCATAACGGTTCTGGCAAABBBTATTCTGAAATGAGCTGTTGACAATTAATCATCCGGCTCGTATAGTG,260.7427038
P528,ATGGAATTCATGCGTATAGGTGGAGAACTGTTCACCGGTGBBTTGTTCCGATCCTGGTTGABACTGGACGGTGACGT,ATGGAATTCATGCGTATAGGTGGAGAACTGTTCACCGGTGBBTTGTTCCGATCCTGGTTGABACTGGACGGTGACGT,188.4800669
P538,GCAGCGGACGATCTGAACCAACGGTTGCAAGATCBTGAAAGAACGBBBCACTAGAATCACAAATGABACTCATGCGTAT,GCAGCGGACGATCTGAACCAACGGTTGCAAGATCBTGAAAGAACGBBBCACTAGAATCACAAATGABACTCATGCGTAT,248.9371332
P583,ATGGAATTCATGCGTATAGGTGAAGAACTGTTCACCGGTGBBTTGTTCCGAGCCTGGTTGABACTGGACGGTGACGT,ATGGAATTCATGCGTATAGGTGAAGAACTGTTCACCGGTGBBTTGTTCCGAGCCTGGTTGABACTGGACGGTGACGT,191.1240588
P587,TTGACAATTAATCATCCGGTBACATCATAACGGTTCTGGCAAABBBTATTCTGAAATGAGCTGTTGACAACTAATCAT,TTGACAATTAATCATCCGGTBACATCATAACGGTTCTGGCAAABBBTATTCTGAAATGAGCTGTTGACAACTAATCAT,336.2634949
P593,ATGGAATTCATGCGTATAGGTGAAGAACTGTTCACCGGTTBBTTGTTCCGATCCTGGTTGABACTGGACGGTGACGT,ATGGAATTCATGCGTATAGGTGAAGAACTGTTCACCGGTTBBTTGTTCCGATCCTGGTTGABACTGGACGGTGACGT,206.3498025
P616,ATGGAATTCATGCGTATAGGTGAAGAACTGTTCACCGGTGBBTTGTTCCGATCCTGGTTGABACTGGGCGGTGACAT,ATGGAATTCATGCGTATAGGTGAAGAACTGTTCACCGGTGBBTTGTTCCGATCCTGGTTGABACTGGGCGGTGACAT,190.8855841
P636,ATGGAATTCATGCGTATAGGTGAAGAACTGTTCACCAGTGBBTTGTTCCGATCCTGGTTGABACTGGACGGTGACGT,ATGGAATTCATGCGTATAGGTGAAGAACTGTTCACCAGTGBBTTGTTCCGATCCTGGTTGABACTGGACGGTGACGT,193.8585683
P641,CGCACTCCCGTTCTGGATAATGTTTTTTGCGCCGACATCATAACGGTTCTGGCAAABBBTTTTCTGAAATGAGCTGT,CGCACTCCCGTTCTGGATAATGTTTTTTGCGCCGACATCATAACGGTTCTGGCAAABBBTTTTCTGAAATGAGCTGT,273.3412241
P664,GCAGCGGACGATCTGAACCAACGGTTACAAGATCBTGAAAGAACGBBBCACTAGAGTCACAAATGABATTCATGCGTAT,GCAGCGGACGATCTGAACCAACGGTTACAAGATCBTGAAAGAACGBBBCACTAGAGTCACAAATGABATTCATGCGTAT,227.4795643
P741,GCAGCGGACGATCTGAACCAACGGTTGCAAGATCBTGAAAGAACGBBBCACTAGAGTCACCAATGABATTCATGCGTAT,GCAGCGGACGATCTGAACCAACGGTTGCAAGATCBTGAAAGAACGBBBCACTAGAGTCACCAATGABATTCATGCGTAT,226.4864879
P773,GCAGCGGACGATCTGAACCAACGGTTGCAAGATCBTGAAAGAACGBBBCACTAGAGTCACAAGTGABATTCATGCGTAT,GCAGCGGACGATCTGAACCAACGGTTGCAAGATCBTGAAAGAACGBBBCACTAGAGTCACAAGTGABATTCATGCGTAT,228.3868473
P799,ATGGAATTCATGCGTATAGGTGAAGAACTGTTCACCGGTGBBTTGTTTCGATCCTGGTTGABACTGGACGGTGACGT,ATGGAATTCATGCGTATAGGTGAAGAACTGTTCACCGGTGBBTTGTTTCGATCCTGGTTGABACTGGACGGTGACGT,189.6512043
P812,GCAGCGGACGATCTGAACCAACGGTTGCAAGATCBTGAAAGAACGBBBCACTAGAGTCACAAATGABATTCGTGCGTAT,GCAGCGGACGATCTGAACCAACGGTTGCAAGATCBTGAAAGAACGBBBCACTAGAGTCACAAATGABATTCGTGCGTAT,348.2595094
P849,ATGGAATTCATGCGTATAGGTGAAGAACTGTTCACCGGTGBBTTGTTCCGACCCTGGTTGABACTGGACGGTGACGT,ATGGAATTCATGCGTATAGGTGAAGAACTGTTCACCGGTGBBTTGTTCCGACCCTGGTTGABACTGGACGGTGACGT,183.0713614
P850,ATGGAATTCATGCGTATAGGTGAAGAACTGTTCACCGGTGBBTTGTTCCGATCCTGGCTGABACTGGACGGTGACGT,ATGGAATTCATGCGTATAGGTGAAGAACTGTTCACCGGTGBBTTGTTCCGATCCTGGCTGABACTGGACGGTGACGT,185.8856785
P886,GCAACGGACGATCTGAACCAACGGTTGCAAGATCBTGAAAGAACGBBBCACTAGAGTCACAAATGABATTCATGCGTAT,GCAACGGACGATCTGAACCAACGGTTGCAAGATCBTGAAAGAACGBBBCACTAGAGTCACAAATGABATTCATGCGTAT,262.386373
P907,GCAGCGGACGATCTGAACCAACGGTTGTAAGATCBTGAAAGAACGBBBCACTAGAGTCACAAATGABATTCATGCGTAT,GCAGCGGACGATCTGAACCAACGGTTGTAAGATCBTGAAAGAACGBBBCACTAGAGTCACAAATGABATTCATGCGTAT,221.7108517
P909,ATGGAATTCATGCGTATAGGTGAAGAACTGTTCACCGGTGBBTTGTTCCGATCCCGGTTGABACTGGACGGTGACGT,ATGGAATTCATGCGTATAGGTGAAGAACTGTTCACCGGTGBBTTGTTCCGATCCCGGTTGABACTGGACGGTGACGT,190.3007515
P983,GCAGCGGACGATCTGAACCAACGGTTGCAAGATCBTGAAAGAACGBBBCACTAGAGTCACAAATAABATTCATGCGTAT,GCAGCGGACGATCTGAACCAACGGTTGCAAGATCBTGAAAGAACGBBBCACTAGAGTCACAAATAABATTCATGCGTAT,306.4508051
P1005,GCAGCGGACGATCTGAACCAACGGCTGCAAGATCBTGAAAGAACGBBBCACTAGAGTCACAAATGABATTCATGCGTAT,GCAGCGGACGATCTGAACCAACGGCTGCAAGATCBTGAAAGAACGBBBCACTAGAGTCACAAATGABATTCATGCGTAT,199.8646268
P1008,CACTCCCGTTCTGGATAATGTTTTTTGCGCCGACATCATAACGGTTCTGGCAAABBBTATTCTGAAATGAGCTGTTG,CACTCCCGTTCTGGATAATGTTTTTTGCGCCGACATCATAACGGTTCTGGCAAABBBTATTCTGAAATGAGCTGTTG,228.3408164
P1051,ATGGAATTCATGCGTATAGGTGAAGAACTGTTCACCGGTGBBTTGTTCCGATCCTGGTTGABACTGGACGGTGATGT,ATGGAATTCATGCGTATAGGTGAAGAACTGTTCACCGGTGBBTTGTTCCGATCCTGGTTGABACTGGACGGTGATGT,187.9742879
P1068,ATGGAATTCATGCGTATAGGTGAAGAACTGTTCACCGGTGBBTTGTTCCGATCCTGGTTGABACCGGACGGTCACGT,ATGGAATTCATGCGTATAGGTGAAGAACTGTTCACCGGTGBBTTGTTCCGATCCTGGTTGABACCGGACGGTCACGT,183.065002
P1085,TTGCAGCGGACGATCTGAACCAACGGTTGCAAGATCBTGAAAGAACGBBBCACTAGAGTCACAAATGABATTCATGCGT,TTGCAGCGGACGATCTGAACCAACGGTTGCAAGATCBTGAAAGAACGBBBCACTAGAGTCACAAATGABATTCATGCGT,887.4568747
P1100,TGGAATTCATGCGTATAGGTGAAGAACTGTTCACCGGTGBBTTGTTCCGATCCTGGTTGABACTGGACGGTGACGTT,TGGAATTCATGCGTATAGGTGAAGAACTGTTCACCGGTGBBTTGTTCCGATCCTGGTTGABACTGGACGGTGACGTT,181.7655979
P1101,GCAGCGGACGATCTGAACCAACGGTTGCAAGATCBTGAAAGAACGBBBCACTAGAGTCACAAATGGBATTCATGCGTAT,GCAGCGGACGATCTGAACCAACGGTTGCAAGATCBTGAAAGAACGBBBCACTAGAGTCACAAATGGBATTCATGCGTAT,202.966613
P1111,ACGGAATTCATGCGTATAGGTGAAGAACTGTTCACCGGTGBBTTGTTCCGATCCTGGTTGABACTGGACGGTGACGT,ACGGAATTCATGCGTATAGGTGAAGAACTGTTCACCGGTGBBTTGTTCCGATCCTGGTTGABACTGGACGGTGACGT,183.3012872
P1117,ACAGCGGACGATCTGAACCAACGGTTGCAAGATCBTGAAAGAACGBBBCACTAGAGTCACAAATGABATTCATGCGTAT,ACAGCGGACGATCTGAACCAACGGTTGCAAGATCBTGAAAGAACGBBBCACTAGAGTCACAAATGABATTCATGCGTAT,294.2013129
P1146,ATGGAATTCATGCGTATAGGTGAAGAACTGTTCACCGGTGBBTTGTTCCGGTCCTGGTTGABACTGGACGGTGACGT,ATGGAATTCATGCGTATAGGTGAAGAACTGTTCACCGGTGBBTTGTTCCGGTCCTGGTTGABACTGGACGGTGACGT,182.6400589
P1154,ATGGAATTCATGCGTATGGGTGAAGAACTGTTCACCGGTGBBTTGTTCCGATCCTGGTTGABACTGGACGGTGACGT,ATGGAATTCATGCGTATGGGTGAAGAACTGTTCACCGGTGBBTTGTTCCGATCCTGGTTGABACTGGACGGTGACGT,205.8433843
P1164,ATGGAATTCATGCGTATAGGTGAAGAACTGTTCACCGGTGBBTTGTTCCGATCCTGATTGABACTGGGCGGTGACGT,ATGGAATTCATGCGTATAGGTGAAGAACTGTTCACCGGTGBBTTGTTCCGATCCTGATTGABACTGGGCGGTGACGT,182.9505825
P1179,ATGGGATTCATGCGTATAGGTGAAGAACTGTTCACCGGTGBBTTGTTCCGATCCTGGTTGABACTGGACGGTGACGT,ATGGGATTCATGCGTATAGGTGAAGAACTGTTCACCGGTGBBTTGTTCCGATCCTGGTTGABACTGGACGGTGACGT,177.4637046
P1183,ATGGAATTCATGCGTATAGGTGAAGAACTGTTCACCGGTGBBTTGTTACGGTCCTGGTTGABACTGGACGGTGACGT,ATGGAATTCATGCGTATAGGTGAAGAACTGTTCACCGGTGBBTTGTTACGGTCCTGGTTGABACTGGACGGTGACGT,185.7508088
P1215,GCAGCGGACGATCTGAACCAACGGTTGCACGATCBTGAAAGAACGBBBCACTAGAGTCACAAATGABATTCATGCGTAT,GCAGCGGACGATCTGAACCAACGGTTGCACGATCBTGAAAGAACGBBBCACTAGAGTCACAAATGABATTCATGCGTAT,200.6154402
P1236,TTGACAATTAATCATCCGGTBACATCATATCGGTTCTGGCAAABBBTATTCTGAAATGAGCTGTTGACAATTAATCAT,TTGACAATTAATCATCCGGTBACATCATATCGGTTCTGGCAAABBBTATTCTGAAATGAGCTGTTGACAATTAATCAT,316.9054981
P1274,ATGGAATTCATGCGTATAGGTGAGGAACTGTTCACCGGTGBBTTGTTCCGATCCTGGTTGABACTGGACGGTGACGT,ATGGAATTCATGCGTATAGGTGAGGAACTGTTCACCGGTGBBTTGTTCCGATCCTGGTTGABACTGGACGGTGACGT,185.4768144
P1284,ATGGAATTCATGCGTATAGGTGATGAACTGTTCACCGGTGBBTTGTTCCGATCCTGGTTGABACTGGACGGTGACGT,ATGGAATTCATGCGTATAGGTGATGAACTGTTCACCGGTGBBTTGTTCCGATCCTGGTTGABACTGGACGGTGACGT,176.5593441
P1310,GCAGCGGACGATCTGAACCABCGGTTGCAAGATCBTGAAAGAACGBBBCACTAGAGTCACAAATGABATTCATGCGTATA,GCAGCGGACGATCTGAACCABCGGTTGCAAGATCBTGAAAGAACGBBBCACTAGAGTCACAAATGABATTCATGCGTATA,178.1094016
P1337,GCAGCGGACGGTCTGAACCAACGGTTGCAAGATCBTGAAAGAACGBBBCACTAGAGTCACAAATGABATTCATGCGTAT,GCAGCGGACGGTCTGAACCAACGGTTGCAAGATCBTGAAAGAACGBBBCACTAGAGTCACAAATGABATTCATGCGTAT,216.0396173
P1381,GCAGCGGACGAACTGAACCAACGGTTGCAAGATCBTGAAAGAACGBBBCACTAGAGTCACAAATGABATTCATGCGTAT,GCAGCGGACGAACTGAACCAACGGTTGCAAGATCBTGAAAGAACGBBBCACTAGAGTCACAAATGABATTCATGCGTAT,216.9047389
P1387,ATGGAATTCATGCGTATAGGTGAAGAACTGTTCACCGGTGBBTTGTTCCGATCCTGGTTGABACCGGACGGTGACGT,ATGGAATTCATGCGTATAGGTGAAGAACTGTTCACCGGTGBBTTGTTCCGATCCTGGTTGABACCGGACGGTGACGT,172.1272793
P1395,ATGGAATTCATGCGTATAGGTGAAGAACTGTTCACCGGTGBBTTGTTCCGATCCTGGTTGABACTGGACGATGACGT,ATGGAATTCATGCGTATAGGTGAAGAACTGTTCACCGGTGBBTTGTTCCGATCCTGGTTGABACTGGACGATGACGT,190.5405891
P1397,ATGGAATTCATGCGTATAGGTGAAGGACTGTTCACCGGTGBBTTGTTCCGATCCTGGTTGABACTGGACGGTGACGT,ATGGAATTCATGCGTATAGGTGAAGGACTGTTCACCGGTGBBTTGTTCCGATCCTGGTTGABACTGGACGGTGACGT,181.6823036
P1409,ATGGAATTCATGCGTATAGGTGAAGAACCGTTCACCGGTGBBTTGTTCCGATCCTGGTTGABACTGGACGGTGACGT,ATGGAATTCATGCGTATAGGTGAAGAACCGTTCACCGGTGBBTTGTTCCGATCCTGGTTGABACTGGACGGTGACGT,159.4651274
P1425,ATGGAATTCATGCGTATAGGTGAAGAACTGTTCACCGGTGBBTTGCTCCGATCCTGGTTGABACTGGACGGTGACGT,ATGGAATTCATGCGTATAGGTGAAGAACTGTTCACCGGTGBBTTGCTCCGATCCTGGTTGABACTGGACGGTGACGT,181.2820543
P1451,ATTGAATTCATGCGTATAGGTGAAGAACTGTTCACCGGTGBBTTGTTCCGATCCTGGTTGABACTGGACGGTGACGT,ATTGAATTCATGCGTATAGGTGAAGAACTGTTCACCGGTGBBTTGTTCCGATCCTGGTTGABACTGGACGGTGACGT,186.3042074
P1464,GCAGCGGACGATCTGAACCAACGGTTGCAAGATCBTGAGAGAACGBBBCACTAGAGACACAAATGABATTCATGCGTAT,GCAGCGGACGATCTGAACCAACGGTTGCAAGATCBTGAGAGAACGBBBCACTAGAGACACAAATGABATTCATGCGTAT,268.1498053
P1483,ATGGAATTCATGCGTATAGGTGAAGAACTGTCCACCGGTGBBTTGTTCCGATCCTGGTTGABACTGGACGGTGACGT,ATGGAATTCATGCGTATAGGTGAAGAACTGTCCACCGGTGBBTTGTTCCGATCCTGGTTGABACTGGACGGTGACGT,190.7195454
P1558,CGCACTCCCGTTCTGGATAATGTTTTTTGCBBBBACATCATAACGGTTCTGGCAAABBBTATTCTGAAATGAGCTGTTGAC,CGCACTCCCGTTCTGGATAATGTTTTTTGCBBBBACATCATAACGGTTCTGGCAAABBBTATTCTGAAATGAGCTGTTGAC,247.2720543
P1578,TTGACAATTAATCATCAGGTBACATCATAACGGTTCTGGCAAABBBTATTCTGAAATGAGCTGTTGACAATTAATCAT,TTGACAATTAATCATCAGGTBACATCATAACGGTTCTGGCAAABBBTATTCTGAAATGAGCTGTTGACAATTAATCAT,304.7616042
P1663,ATGGAATTCACGCGTATAGGTGAAGAACTGTTCACCGGTGBBTTGTTCCGATCCTGGTTGABACTGGACGGTGACGT,ATGGAATTCACGCGTATAGGTGAAGAACTGTTCACCGGTGBBTTGTTCCGATCCTGGTTGABACTGGACGGTGACGT,185.804749
P1727,GCAGCGGACGATCTGTACCAACGGTTGCAAGATCBTGAAAGAACGBBBCACTAGAGTCACAAATGABATTCATGCGTAT,GCAGCGGACGATCTGTACCAACGGTTGCAAGATCBTGAAAGAACGBBBCACTAGAGTCACAAATGABATTCATGCGTAT,220.4001028
P1729,TTGACAATTAATCATCCGGTBACATCATAACGGTTCTGGCAAABBBTATTCTGATATGAGCTGTTGACAATTAATCAT,TTGACAATTAATCATCCGGTBACATCATAACGGTTCTGGCAAABBBTATTCTGATATGAGCTGTTGACAATTAATCAT,275.158358
P1901,GCAGCGTACGATCTGAACCAACGGTTGCAAGATCBTGAAAGAACGBBBCACTAGAGTCACAAATGABATTCATGCGTAT,GCAGCGTACGATCTGAACCAACGGTTGCAAGATCBTGAAAGAACGBBBCACTAGAGTCACAAATGABATTCATGCGTAT,213.585384
P1915,GCAGCGGACGATCTGAACCAACGGTTGCAAGATCBTGAAAGAACGBBBCACTAGAGTCACAAATGABAATCATGCGTAT,GCAGCGGACGATCTGAACCAACGGTTGCAAGATCBTGAAAGAACGBBBCACTAGAGTCACAAATGABAATCATGCGTAT,211.5241321
P1939,GCAGCGGACGATCTGAACCAACGGTTGCAAGATCBTGAAAGAACABBBCACTAGAGTCACAAATGABATTCATGCGTAT,GCAGCGGACGATCTGAACCAACGGTTGCAAGATCBTGAAAGAACABBBCACTAGAGTCACAAATGABATTCATGCGTAT,219.088513
P1964,ATGGAATTCGTGCGTATAGGTGAAGAACTGTTCACCGGTGBBTTGTTCCGATCCTGGTTGABACTGGACGGTGACGT,ATGGAATTCGTGCGTATAGGTGAAGAACTGTTCACCGGTGBBTTGTTCCGATCCTGGTTGABACTGGACGGTGACGT,204.7565119
P1972,ATGGAATTCATGCGTATAAGTGAAGAACTGTTCACCGGTGBBTTGTTCCGATCCTGGTTGABACTGGACGGTGACGT,ATGGAATTCATGCGTATAAGTGAAGAACTGTTCACCGGTGBBTTGTTCCGATCCTGGTTGABACTGGACGGTGACGT,185.7321463
P1985,ATGGAATTCATGCGTATAGGTGAAGAACTGTTCACCCGTGBBTTGTTCCGATCCTGGTTGABACTGGACGGTGACGT,ATGGAATTCATGCGTATAGGTGAAGAACTGTTCACCCGTGBBTTGTTCCGATCCTGGTTGABACTGGACGGTGACGT,185.2018431
P1987,TTGGAATTCATGCGTATAGGTGAAGAACTGTTCACCGGTGBBTTGTTCCGATCCTGGTTGABACTGGACGGTGACGT,TTGGAATTCATGCGTATAGGTGAAGAACTGTTCACCGGTGBBTTGTTCCGATCCTGGTTGABACTGGACGGTGACGT,186.3672173
P2016,GCAGCGGACGATCTGAACCAACGGTTGCAAGATCBTGAAAGAACGBBBCACTAGAGTCACAAATGABATTCATGCCTAT,GCAGCGGACGATCTGAACCAACGGTTGCAAGATCBTGAAAGAACGBBBCACTAGAGTCACAAATGABATTCATGCCTAT,217.034338
P2046,TTGACAATTAATCATCCGGTBACATCATAACGGTTCTGGCAAABBBTATTCTGAAATGAGCTGTTGACAATTATTCAT,TTGACAATTAATCATCCGGTBACATCATAACGGTTCTGGCAAABBBTATTCTGAAATGAGCTGTTGACAATTATTCAT,315.8087847
P2050,ATGGAATTCATGCGTATAGGTGAAGAACTGTTCACCGGTGBBTTGTTCCGATCCTGGTTGABACTGGTCGGTGACGT,ATGGAATTCATGCGTATAGGTGAAGAACTGTTCACCGGTGBBTTGTTCCGATCCTGGTTGABACTGGTCGGTGACGT,186.0597949
P2073,TTGACAATTAATCATCCGGCATGGAATTCATGCGTATAGGTGAAGAACTGTTCACCGGTGBBTTGTTCCGATCCTG,TTGACAATTAATCATCCGGCATGGAATTCATGCGTATAGGTGAAGAACTGTTCACCGGTGBBTTGTTCCGATCCTG,189.0152637
P2094,GTGCTGGATAATGATTTTTGCGCCGACATCATAACGGTTCTGGCAAABBBTATTCTGAAATGAGCTGTTGACAATTA,GTGCTGGATAATGATTTTTGCGCCGACATCATAACGGTTCTGGCAAABBBTATTCTGAAATGAGCTGTTGACAATTA,211.5875755
P2149,GCAGCGGACGATCTGAACCAACGGTCGCAAGATCBTGAAAGAACGBBBCACTAGAGTCACAAATGABATTCATGCGTAT,GCAGCGGACGATCTGAACCAACGGTCGCAAGATCBTGAAAGAACGBBBCACTAGAGTCACAAATGABATTCATGCGTAT,216.9781294
P2426,CGCACTCCCGTTCTGGATAATGTTTTTTGCGCCGACATCATAACGGTTCTGGCAAABBBTATTCTGAAATGAGCTGT,CGCACTCCCGTTCTGGATAATGTTTTTTGCGCCGACATCATAACGGTTCTGGCAAABBBTATTCTGAAATGAGCTGT,272.0926407
P2501,ATGGAATTCATGCGTATAGGTGAAGAACTGTTCACCGGTGBBTTGTTCCGATCCTGGTTGABGCTGGACGGTGACGT,ATGGAATTCATGCGTATAGGTGAAGAACTGTTCACCGGTGBBTTGTTCCGATCCTGGTTGABGCTGGACGGTGACGT,185.8658734
P2624,ATGGAATTCATGCGTATAGGTGAAGAACTGTTCACCGATGBBTTGTTCCGATCCTGGTTGABACTGGACGGTGACGT,ATGGAATTCATGCGTATAGGTGAAGAACTGTTCACCGATGBBTTGTTCCGATCCTGGTTGABACTGGACGGTGACGT,182.0442621
P2665,ATGGAATTCATGCGTATAGGTGAAGAACTGTTCACCGGTGBBTTGTTCCGATCCTGGTTGABACTGGGCGGTGACGT,ATGGAATTCATGCGTATAGGTGAAGAACTGTTCACCGGTGBBTTGTTCCGATCCTGGTTGABACTGGGCGGTGACGT,177.7919174
P2689,GTAGCGGACGATCTGAACCAACGGTTGCAAGATCBTGAAAGAACGBBBCACTAGAGTCACAAATGABATTCATGCGTAT,GTAGCGGACGATCTGAACCAACGGTTGCAAGATCBTGAAAGAACGBBBCACTAGAGTCACAAATGABATTCATGCGTAT,217.948008
P2768,TTGACAATTAATCATCCGGTBACATCATAACGGTTCTGGCAAABBBTATTCTGAAATGAGCTGTTGACAATTAGTCAT,TTGACAATTAATCATCCGGTBACATCATAACGGTTCTGGCAAABBBTATTCTGAAATGAGCTGTTGACAATTAGTCAT,306.2892834
P2783,GCAGCGGACGATCTGAACCAACGGTTGCAAGATCBTGAAAGAACGBBBCTCTAGAGTCACAAATGABATTCATGCGTAT,GCAGCGGACGATCTGAACCAACGGTTGCAAGATCBTGAAAGAACGBBBCTCTAGAGTCACAAATGABATTCATGCGTAT,219.8621696
P2794,ATGGAATTCATGCGTATAGGTGAAGAACTGTTCACCGGTGBBTTGTTCCGATCCTGGTTGABACTGGACGGCGACGT,ATGGAATTCATGCGTATAGGTGAAGAACTGTTCACCGGTGBBTTGTTCCGATCCTGGTTGABACTGGACGGCGACGT,177.8597715
P2802,GCAGCGGACGATCTGAACCAACGGTTGCAGGATCBTGAAAGAACGBBBCACTAGAGTCACAAATGABATTCATGCGTAT,GCAGCGGACGATCTGAACCAACGGTTGCAGGATCBTGAAAGAACGBBBCACTAGAGTCACAAATGABATTCATGCGTAT,211.9498497
P2827,ATGGAATTCATGCGTATAGGTGAAGAACTGTTCACCGGTGBBTTGTTCCGATCCTGGTTGABACTGGACGGTGACGT,ATGGAATTCATGCGTATAGGTGAAGAACTGTTCACCGGTGBBTTGTTCCGATCCTGGTTGABACTGGACGGTGACGT,204.055035
P2916,GCAGCGGACGATCTGAACCAACGGTTGCAAGATCBTGAAAGAACGBBBCACTAGAGTCACAAATGABATTCATGCGTAT,GCAGCGGACGATCTGAACCAACGGTTGCAAGATCBTGAAAGAACGBBBCACTAGAGTCACAAATGABATTCATGCGTAT,215.2401441
P3010,TTGACAATTAATCATCCGGTBACATCATAACGGTTCTGGCAAABBBTATTCTGAAATGAGCTGTTGACAATTAATCAT,TTGACAATTAATCATCCGGTBACATCATAACGGTTCTGGCAAABBBTATTCTGAAATGAGCTGTTGACAATTAATCAT,311.5003903
P3042,ATGGAATTCATGCGTATAGGTGAAGAACTGTTCACCGGTGBBTTGTTCCGATCCTGGTTGABACTGGACGGTGACGC,ATGGAATTCATGCGTATAGGTGAAGAACTGTTCACCGGTGBBTTGTTCCGATCCTGGTTGABACTGGACGGTGACGC,188.8141927
